{
  "usingComponents": {
    "g-form": "/components/gsd-ui/g-form/index",
    "g-input": "/components/gsd-ui/g-input/index",
    "g-picker": "/components/gsd-ui/g-picker/index",
    "g-checkbox-group": "/components/gsd-ui/g-checkbox-group/index",
    "g-radio-group": "/components/gsd-ui/g-radio-group/index",
    "g-box": "/components/gsd-ui/g-box/index",
    "g-cell": "/components/gsd-ui/g-cell/index",
    "g-switch": "/components/gsd-ui/g-switch/index",
    "g-textarea": "/components/gsd-ui/g-textarea/index",
    "g-select": "/components/gsd-ui/g-select/index"
  },
  "navigationBarTitleText": "教委数据采集系统"
}