{
  "usingComponents": {
    "g-form": "/components/gsd-ui/g-form/index",
    "g-input": "/components/gsd-ui/g-input/index",
    "g-picker": "/components/gsd-ui/g-picker/index",
    "g-checkbox-group": "/components/gsd-ui/g-checkbox-group/index",
    "g-checkbox": "/components/gsd-ui/g-checkbox/index",
    "g-radio-group": "/components/gsd-ui/g-radio-group/index",
    "g-box": "/components/gsd-ui/g-box/index",
    "g-cell": "/components/gsd-ui/g-cell/index",
    "g-switch": "/components/gsd-ui/g-switch/index",
    "g-textarea": "/components/gsd-ui/g-textarea/index",
    "g-select": "/components/gsd-ui/g-select/index",
    "g-region": "/components/gsd-ui/g-region/index",
    "g-icon": "/components/gsd-ui/g-icon/index"
  },
  "navigationBarTitleText": "问卷填写"
}