{
  "navigationBarTitleText": "学校主页",
  "backgroundColorTop": "#0F59A4",
  "navigationBarBackgroundColor": "#0F59A4",
  "usingComponents": {
    "g-box": "/components/gsd-ui/g-box/index",
    "g-bar": "/components/gsd-ui/g-bar/index",
    "g-bar-item": "/components/gsd-ui/g-bar-item/index",
    "g-icon": "/components/gsd-ui/g-icon/index",
    "g-image": "/components/gsd-ui/g-image/index",
    "g-cell": "/components/gsd-ui/g-cell/index",
    "g-poplayer": "/components/gsd-ui/g-poplayer/index",
    "g-region2": "/components/gsd-ui/g-region2/index",
    "g-banner": "/components/gsd-ui/g-banner/index",
    "g-page": "/components/gsd-ui/g-page/g-page",
    "g-icon": "/components/gsd-ui/g-icon/index",
    "g-poplayer": "/components/gsd-ui/g-poplayer/index",
    "g-input": "/components/gsd-ui/g-input/index"
  }
}